{
  "high_level_overview": "The video demonstrates how AgentForce can be utilized to query Salesforce data without the need for custom actions, showcasing its ease of integration within the Salesforce Sales Console.",
  "technical_breakdown": [
    {
      "type": "tool",
      "name": "AgentForce",
      "purpose": "AgentForce is utilized for querying Salesforce data effectively without requiring additional configuration of custom actions."
    },
    {
      "type": "architecture",
      "description": "The architecture integrates AgentForce into the Salesforce Sales Console, allowing users direct interaction with the data without customization."
    },
    {
      "type": "process",
      "step_number": 1,
      "description": "Activate AgentForce within the Salesforce Sales Console to enable query functionality."
    },
    {
      "type": "process",
      "step_number": 2,
      "description": "Execute queries by issuing straightforward commands, such as asking for top opportunities by amount."
    }
  ],
  "insights": [
    "AgentForce demonstrates improved efficiency in data querying by minimizing the need for custom actions or complex configurations."
  ],
  "applications": [
    "Sales teams can leverage AgentForce for quick data retrieval and decision-making in real-time within the Salesforce environment."
  ],
  "limitations": [
    "The functionality may be limited to predefined queries unless additional agent actions are configured."
  ]
}