{
  "high_level_overview": "The video provides a detailed walkthrough of setting up the Salesforce AI Agent, Agentforce, for managing course cohorts and participant enrollment, showcasing lessons learned during the implementation and testing processes.",
  "technical_breakdown": [
    {
      "type": "tool",
      "name": "Salesforce Agentforce",
      "purpose": "To automate and facilitate user interactions for managing course participants in a Salesforce environment."
    },
    {
      "type": "architecture",
      "description": "The implemented custom data model includes a junction object that links cohorts and contacts. Standard and custom topics within Agentforce are configured to perform actions based on user requests, focusing on managing course cohort participants."
    },
    {
      "type": "process",
      "step_number": 1,
      "description": "Set up a custom data model in Salesforce to manage courses, cohorts, and participants using a junction object."
    },
    {
      "type": "process",
      "step_number": 2,
      "description": "Configure Agentforce by creating standard and custom topics that link user requests to actions, utilizing a reasoning engine to determine approaches for interaction."
    },
    {
      "type": "process",
      "step_number": 3,
      "description": "Implement actions that can query records and update participant enrollment status based on user input."
    },
    {
      "type": "process",
      "step_number": 4,
      "description": "Test the agent by simulating user requests and verifying that the responses correctly reflect the expected interactions and data management."
    }
  ],
  "insights": [
    "It is critical to ensure instructions provided in custom topics are clear and precise to avoid misinterpretations by the reasoning engine.",
    "Using a modular approach to break down the various functionalities into distinct topics enhances usability and clarity for end-users."
  ],
  "applications": [
    "This setup can be practically used in educational institutions for managing course enrollments and to provide automated support for students interacting with course-related queries."
  ],
  "limitations": [
    "Agentforce currently does not support the deletion of records, necessitating workarounds such as marking records as inactive instead."
  ]
}