{
  "high_level_overview": "The video demonstrates the live implementation of Retrieval-Augmented Generation (RAG) within the Salesforce ecosystem, specifically utilizing Agentforce to enhance data accessibility and response accuracy for customer queries related to insurance policies and bookings in a fictional company, Adventure Cloud, following a merger. The presenter guides viewers through the integration and operational mechanics of RAG, emphasizing its capability to process both structured and unstructured data to provide immediate and contextualized answers to user inquiries.",
  "technical_breakdown": [
    {
      "type": "tool",
      "name": "Agentforce",
      "purpose": "A platform used to create intelligent agents that can answer questions based on company data and policies."
    },
    {
      "type": "architecture",
      "description": "The RAG system architecture involves a user querying the agent, Salesforce extracting text from relevant PDFs, chunking the content into searchable units, converting these units to numerical embeddings for semantic search, retrieving the most relevant chunks upon user query, and then generating a context-aware response using a language model."
    },
    {
      "type": "process",
      "step_number": 1,
      "description": "User poses a question regarding insurance coverage."
    },
    {
      "type": "process",
      "step_number": 2,
      "description": "Salesforce extracts readable text from uploaded policy PDFs, focusing on relevant sections."
    },
    {
      "type": "process",
      "step_number": 3,
      "description": "The extracted content is chunked into meaningful sections, each becoming a searchable unit."
    },
    {
      "type": "process",
      "step_number": 4,
      "description": "Each chunk is converted into a vector embedding for numerical representation."
    },
    {
      "type": "process",
      "step_number": 5,
      "description": "User's query is transformed into an embedding, and the system performs a semantic similarity search to retrieve relevant chunks."
    },
    {
      "type": "process",
      "step_number": 6,
      "description": "The retrieved text is used as context for generating a grounded response using a language model."
    }
  ],
  "insights": [
    "RAG enables context-aware responses by leveraging specific chunks of company documents, avoiding irrelevant data and ensuring accurate customer interactions."
  ],
  "applications": [
    "An intelligent policy assistant can assist both employees and customers by providing quick access to insurance policies and booking terms without the need for manual document searches."
  ],
  "limitations": [
    "The effectiveness of the RAG system heavily depends on the quality and comprehensiveness of the uploaded data; incomplete or poorly structured data may lead to inadequate responses."
  ]
}