{
  "high_level_overview": "The video introduces Agentforce, an AI tool designed specifically for customer service in the freight shipping industry, emphasizing its ability to be integrated with existing business processes in Salesforce for streamlined operations and efficient customer interactions.",
  "technical_breakdown": [
    {
      "type": "tool",
      "name": "Agentforce",
      "purpose": "An AI tool for customer service that is trained on company-specific data, enhancing its alignment with the brand's voice and processes."
    },
    {
      "type": "architecture",
      "description": "Agentforce operates on top of the Salesforce platform, utilizing existing workflows and business logic to generate responses and execute actions related to freight shipping inquiries."
    },
    {
      "type": "process",
      "step_number": 1,
      "description": "Define the topics or job roles that Agentforce will handle."
    },
    {
      "type": "process",
      "step_number": 2,
      "description": "Provide instructions on how Agentforce should interact with customers."
    },
    {
      "type": "process",
      "step_number": 3,
      "description": "Specify the actions Agentforce can take based on established business processes within Salesforce."
    }
  ],
  "insights": [
    "Agentforce leverages trusted business logic already in place, enabling users to quickly implement AI solutions without needing coding expertise."
  ],
  "applications": [
    "Agentforce can be used to manage common freight shipping inquiries, such as order statuses, inventory checks, and shipping schedules, significantly enhancing customer service efficiency."
  ],
  "limitations": [
    "Although Agentforce simplifies the AI integration process, it relies heavily on existing workflows in Salesforce, which may limit flexibility in highly dynamic scenarios."
  ]
}