{
  "high_level_overview": "Agentforce is a revolutionary AI-powered framework designed to enhance customer service operations by automating responses to customer inquiries through the use of intelligent agents, thereby improving workflow efficiency and customer satisfaction.",
  "technical_breakdown": [
    {
      "type": "tool",
      "name": "Agentforce",
      "purpose": "Automates customer service tasks through AI agents, enabling faster response times and a streamlined workflow."
    },
    {
      "type": "architecture",
      "description": "Agentforce operates as a centralized control room where AI agents manage and respond to customer queries. It uses the Atlas reasoning engine to utilize existing and incoming data for generating accurate responses and directing queries to the appropriate agents."
    },
    {
      "type": "process",
      "step_number": 1,
      "description": "The AI agent identifies and organizes customer inquiries, categorizing them based on complexity and urgency."
    },
    {
      "type": "process",
      "step_number": 2,
      "description": "The Atlas reasoning engine provides insights and suggested actions based on available data to the AI agents."
    },
    {
      "type": "process",
      "step_number": 3,
      "description": "AI agents execute responses to customer queries, escalating issues to human agents when necessary for situations beyond their capacity."
    },
    {
      "type": "process",
      "step_number": 4,
      "description": "Analytics are gathered to provide a 360° view of all customer interactions, enhancing the overall customer experience."
    }
  ],
  "insights": [
    "Agentforce can significantly reduce the workload on human customer service agents, enabling them to focus on more complex issues while AI handles repetitive tasks."
  ],
  "applications": [
    "Agentforce can be utilized in customer service departments to automate responses across various platforms including email, phone, and social media, thus improving overall service efficiency."
  ],
  "limitations": [
    "While Agentforce enhances response times, its effectiveness is dependent on the quality of data processed by the Atlas reasoning engine, and it may struggle with nuanced or complex customer interactions."
  ]
}