{
  "high_level_overview": "This video provides a structured approach for preparing for the Salesforce AgentForce Specialist Exam within two weeks, outlining essential topics, practical study methods, and test-taking strategies from the presenter’s personal experience.",
  "technical_breakdown": [
    {
      "type": "tool",
      "name": "Salesforce Trailhead",
      "purpose": "Trailhead serves as the primary platform for learning core topics and concepts related to the Salesforce AgentForce, including AI implementation and prompt management."
    },
    {
      "type": "architecture",
      "description": "The architecture of the Salesforce AgentForce revolves around key elements such as the prompt builder, data cloud for data retrieval and grounding, the reasoning engine for user interaction, deployment mechanisms, and a trust layer ensuring data privacy and security."
    },
    {
      "type": "process",
      "step_number": 1,
      "description": "Focus on understanding five key topics: prompt builder and templates, data cloud and grounding, reasoning engine, deployment and testing, and the trust layer in the context of Salesforce."
    },
    {
      "type": "process",
      "step_number": 2,
      "description": "Utilize Salesforce Trailhead modules efficiently by breaking down the 8 hours of material over several days to reinforce learning."
    },
    {
      "type": "process",
      "step_number": 3,
      "description": "Engage in hands-on projects by creating real-world templates for sales, field generation, and record summaries to solidify understanding of practical applications."
    },
    {
      "type": "process",
      "step_number": 4,
      "description": "Review personal notes and study materials linked in the video's description to reinforce concepts and prepare effectively for the exam."
    },
    {
      "type": "process",
      "step_number": 5,
      "description": "Employ a strategy of elimination during the exam by discarding obviously incorrect answers to improve chances of selecting the correct response."
    }
  ],
  "insights": [
    "It is crucial to understand the practical applications of different templates in Salesforce, as they play a significant role in agent efficiency and effectiveness."
  ],
  "applications": [
    "The knowledge gained from preparing for the exam can be directly applied in real-world Salesforce implementation projects, especially in developing AI-powered solutions and ensuring data security."
  ],
  "limitations": [
    "The AgentForce Specialist exam is relatively new, which may result in variations in the exam format and question types, leading to uncertainty in preparation strategies."
  ]
}