{
  "high_level_overview": "The video provides an in-depth exploration of Agentforce, a Salesforce platform innovation that leverages a reasoning engine to empower AI agents capable of processing data and taking actions on behalf of users. Through a combination of structured data, inferred actions, and contextual understanding, Agentforce enables a range of applications including sales, customer service, and order management, thus transforming traditional chatbots into highly functional AI agents.",
  "technical_breakdown": [
    {
      "type": "tool",
      "name": "Agentforce",
      "purpose": "To create intelligent agents that can reason, understand context, and take actions based on user interactions."
    },
    {
      "type": "architecture",
      "description": "Agentforce operates on a unified architecture where each agent is defined by topics, instructions, data sources, and actions, allowing for flexible and extensive automation across various business processes."
    },
    {
      "type": "process",
      "step_number": 1,
      "description": "Define the purpose of the agent, using natural language to describe its tasks."
    },
    {
      "type": "process",
      "step_number": 2,
      "description": "The system performs a semantic search to suggest existing resources based on the agent’s purpose."
    },
    {
      "type": "process",
      "step_number": 3,
      "description": "Configure data sources to provide context for the agent, including structured and unstructured data."
    },
    {
      "type": "process",
      "step_number": 4,
      "description": "Set deployment channels where the agent will operate, such as Slack or email."
    },
    {
      "type": "process",
      "step_number": 5,
      "description": "Create an agent trigger to define when the agent activates based on specific conditions."
    }
  ],
  "insights": [
    "The reasoning engine in Agentforce allows for dynamic, context-aware responses and minimizes the complexity of traditional chatbot implementations by reducing the need for predefined conversation paths."
  ],
  "applications": [
    "An example scenario involves a customer inquiring about their order status, where Agentforce can automatically retrieve pertinent data and provide real-time updates based on inventory and shipping conditions."
  ],
  "limitations": [
    "While Agentforce streamlines the creation of intelligent agents, the effectiveness relies heavily on accurately provided data and well-defined instructions, necessitating careful attention to metadata and contextual information."
  ]
}