{
  "high_level_overview": "The video discusses the newly announced Salesforce Developer Org designed for Agentforce and Data Cloud, offering unlimited lifetime access for hands-on challenges, overcoming previous limitations tied to time constraints.",
  "technical_breakdown": [
    {
      "type": "tool",
      "name": "Salesforce Developer Org",
      "purpose": "Provides a platform for developers to engage in hands-on challenges without time limitations."
    }
  ],
  "insights": [
    "The introduction of a lifetime-access developer org addresses previous constraints that limited hands-on practice for developers in Salesforce environments."
  ],
  "applications": [
    "Developers can utilize the Salesforce Developer Org to build, test, and deploy applications within the Agentforce and Data Cloud frameworks."
  ],
  "limitations": [
    "No specific limitations were mentioned, but practical concerns may arise regarding the scope of hands-on challenges and the depth of learning materials available."
  ]
}