{
  "high_level_overview": "The video provides a concise introduction to Salesforce as a leading customer relationship management (CRM) platform that helps organizations manage customer data, streamline workflows, and enhance customer engagement through various cloud services tailored to specific business needs.",
  "technical_breakdown": [
    {
      "type": "tool",
      "name": "Salesforce",
      "purpose": "A CRM platform enabling efficient customer data management, optimized workflows, and centralized access to business information."
    },
    {
      "type": "architecture",
      "description": "Salesforce offers a multi-cloud architecture including Sales Cloud, Service Cloud, Marketing Cloud, Commerce Cloud, Experience Cloud, and Analytics Cloud, each designed to cater to distinct operational requirements while maintaining synchronized data access across the platform."
    },
    {
      "type": "process",
      "step_number": 1,
      "description": "Identify the specific business needs and choose the relevant Salesforce cloud solution that aligns with operational goals."
    },
    {
      "type": "process",
      "step_number": 2,
      "description": "Implement the chosen cloud service and customize the platform to enhance data management and workflow processes."
    },
    {
      "type": "process",
      "step_number": 3,
      "description": "Utilize the integrated tools and functionalities to analyze customer data and improve decision-making through real-time analytics."
    }
  ],
  "insights": [
    "Salesforce's adaptability allows businesses to merge various cloud functionalities without disrupting existing workflows, creating a holistic view of customer interactions."
  ],
  "applications": [
    "Organizations can leverage Salesforce to enhance customer support, improve marketing effectiveness, and streamline sales processes by utilizing the specific cloud services that meet their operational needs."
  ],
  "limitations": [
    "Despite its robust feature set, implementing Salesforce may require significant customization and training, which can be a barrier for smaller businesses or those without dedicated IT resources."
  ]
}