{
  "high_level_overview": "This video tutorial outlines the step-by-step process of creating an AI agent using Agentforce in Salesforce, specifically designed as a service agent for banking organizations. The video emphasizes the importance of proper setup, user permissions, and system configurations necessary for effective implementation.",
  "technical_breakdown": [
    {
      "type": "tool",
      "name": "Agentforce",
      "purpose": "A Salesforce tool for customizing and building AI agents."
    },
    {
      "type": "architecture",
      "description": "The architecture involves creating a digital banking assistant which integrates various functionalities such as customer interaction and task automation. The agent leverages Salesforce's capabilities along with a role-based permission structure."
    },
    {
      "type": "process",
      "step_number": 1,
      "description": "Access the Salesforce setup menu and search for 'agent force agents' to start creating a new agent."
    },
    {
      "type": "process",
      "step_number": 2,
      "description": "Select the 'service agent' type from the available templates to assist in customer support for banking."
    },
    {
      "type": "process",
      "step_number": 3,
      "description": "Configure the agent by removing default topics and defining a specific name and role for clarity in its function."
    },
    {
      "type": "process",
      "step_number": 4,
      "description": "Assign a user to the agent, ensuring the selected user has the Einstein Agent license and necessary permission sets."
    },
    {
      "type": "process",
      "step_number": 5,
      "description": "Verify and assign appropriate permission sets to the user, which enables the agent to perform all necessary functions seamlessly."
    }
  ],
  "insights": [
    "User permission configuration is critical; the performance of the AI agent is heavily dependent on the assigned permission sets."
  ],
  "applications": [
    "Implementing a digital banking assistant to improve customer interactions and streamline banking processes such as account opening and issue escalation."
  ],
  "limitations": [
    "The agent's functionality is restricted by the permissions assigned to the user, potentially limiting its capabilities if not properly configured."
  ]
}