{
  "high_level_overview": "The video introduces Salesforce Agentforce, an advanced AI-powered customer engagement solution designed to assist with complex tasks in sales, service, and other business functions. Unlike traditional chatbots, Agentforce integrates large language models and generative AI to create autonomous agents that can handle escalated interactions efficiently, enhancing productivity across multiple channels while ensuring data privacy and ethical guardrails.",
  "technical_breakdown": [
    {
      "type": "tool",
      "name": "Agentforce",
      "purpose": "Provides a platform for building autonomous AI agents capable of performing complex customer engagement tasks."
    },
    {
      "type": "architecture",
      "description": "The system architecture integrates the Atlas reasoning engine, which makes decision-based evaluations on tasks, ensuring agents can act autonomously while adhering to business processes."
    },
    {
      "type": "process",
      "step_number": 1,
      "description": "Define the specific tasks that AI agents are expected to handle, such as customer inquiries, order management, and appointment scheduling."
    },
    {
      "type": "process",
      "step_number": 2,
      "description": "Identify and integrate data sources accessible to the agents, including call transcripts, emails, and other relevant data."
    },
    {
      "type": "process",
      "step_number": 3,
      "description": "Implement actions that agents can execute based on predefined tasks, including answering queries and processing business logic."
    },
    {
      "type": "process",
      "step_number": 4,
      "description": "Establish guardrails using the Einstein trust layer to prevent unauthorized actions and ensure data privacy."
    },
    {
      "type": "process",
      "step_number": 5,
      "description": "Choose communication channels (like WhatsApp, Slack, or voice) for the agents to interact with customers."
    }
  ],
  "insights": [
    "Agentforce's use of conversational AI and large language models allows for dynamic task management compared to traditional rule-based chatbots."
  ],
  "applications": [
    "Real-world implementation examples include automated customer support, sales interactions, and scheduling appointments through AI agents."
  ],
  "limitations": [
    "While Agentforce provides extensive capabilities, there is a risk of agents being limited by their defined tasks and guardrails, preventing them from handling unforeseen requests outside their programming."
  ]
}