{
  "high_level_overview": "The video provides an in-depth examination of Salesforce's Agentforce, detailing its components, functionalities, and integration with other Salesforce products, particularly Data Cloud. It emphasizes how users can build and customize AI agents using Agentforce Studio, configure agent topics and actions, and leverage data for enhanced AI responses through Retrieval Augmented Generation (RAG).",
  "technical_breakdown": [
    {
      "type": "tool",
      "name": "Agentforce Studio",
      "purpose": "A platform to build and configure AI agents using natural language."
    },
    {
      "type": "tool",
      "name": "Atlas Reasoning Engine",
      "purpose": "Processes prompts and executes the reasoning for agent responses."
    },
    {
      "type": "tool",
      "name": "Data Cloud",
      "purpose": "Manages data flow and enables access to both structured and unstructured data for training agents."
    },
    {
      "type": "architecture",
      "description": "Agentforce operates on a layered architecture where the Agentforce Studio serves as the user interface for agent creation, powered by the Atlas Reasoning Engine which interacts with Data Cloud to access and process diverse data sources and enhance AI reasoning capabilities."
    },
    {
      "type": "process",
      "step_number": 1,
      "description": "Use the Agent Builder to configure agents, defining agent name, description, and communication channels."
    },
    {
      "type": "process",
      "step_number": 2,
      "description": "Create and categorize topics that outline the agent’s scope and capabilities."
    },
    {
      "type": "process",
      "step_number": 3,
      "description": "Assign actions to topics, which allows the agent to perform specific tasks, ranging from querying databases to executing APIs."
    },
    {
      "type": "process",
      "step_number": 4,
      "description": "Use the test drive feature to iterate on agent performance and refine its responses based on reasoning outputs."
    },
    {
      "type": "process",
      "step_number": 5,
      "description": "Integrate external data sources using Data Cloud ingestion or zero-copy methods to enhance responding capabilities."
    }
  ],
  "insights": [
    "The effectiveness of an agent is heavily dependent on the topics and actions assigned, as well as the quality and relevance of data available from the Data Cloud."
  ],
  "applications": [
    "Agentforce can be applied in customer service scenarios to streamline interactions by providing timely responses to customer queries through various communication channels."
  ],
  "limitations": [
    "Agents may struggle to provide responses if the requisite topics or data streams are not properly integrated, resulting in incomplete answers."
  ]
}