{
  "high_level_overview": "The video demonstrates the process of utilizing unstructured data from PDF documents to automatically create and manage Salesforce records using AI agents through Agentforce. It highlights the workflow from user interactions to data extraction and record creation, showcasing effective integration with the Salesforce ecosystem for improved customer service.",
  "technical_breakdown": [
    {
      "type": "tool",
      "name": "Agentforce",
      "purpose": "A framework for interacting with AI agents and managing unstructured data."
    },
    {
      "type": "architecture",
      "description": "The proposed architecture involves an AI agent that interacts with users via a chat interface, fetches relevant course information from PDF documents stored in the Agentforce data library, determines the relevant department, and uses Apex classes to create query records in Salesforce."
    },
    {
      "type": "process",
      "step_number": 1,
      "description": "User interacts with the AI agent, expressing interest in a specific course (e.g., Salesforce)."
    },
    {
      "type": "process",
      "step_number": 2,
      "description": "The AI agent uses the action 'answer questions with knowledge' to extract relevant information from the PDF document stored in the Agentforce data library."
    },
    {
      "type": "process",
      "step_number": 3,
      "description": "Based on recognized keywords (e.g., course name), the AI agent invokes an Apex class to create a Salesforce query record, passing necessary inputs such as the course name and department."
    },
    {
      "type": "process",
      "step_number": 4,
      "description": "The Apex class processes the request and returns a confirmation message indicating the successful creation of the query record."
    }
  ],
  "insights": [
    "Leveraging unstructured data from PDFs can enhance user interaction with AI agents, automating queries and response handling effectively."
  ],
  "applications": [
    "This workflow can be applied in educational institutions for managing course inquiries, allowing prospective students to interact with an AI agent that fetches course details and enrolls them in relevant courses automatically."
  ],
  "limitations": [
    "The system relies heavily on the quality and structure of the PDF documents and may encounter difficulties if data is poorly formatted or not consistently presented."
  ]
}