{
  "high_level_overview": "The video provides an in-depth guide on setting up and utilizing various types of AI agents available through the Agent Force platform by Salesforce, emphasizing their specific functionalities tailored for sales, service, and internal organizational needs.",
  "technical_breakdown": [
    {
      "type": "tool",
      "name": "Agent Force",
      "purpose": "A Salesforce platform designed for creating and deploying AI-powered agents tailored for different business functions."
    },
    {
      "type": "architecture",
      "description": "Agent Force consists of various pre-built templates for AI agents, including default agents for HR and IT, service agents for customer support, service assistants for internal agent support, and sales agents for enhancing sales processes."
    },
    {
      "type": "process",
      "step_number": 1,
      "description": "Access the 'Setup' menu in Salesforce, search for 'Einstein setup', enable the feature, and refresh the browser."
    },
    {
      "type": "process",
      "step_number": 2,
      "description": "Search for 'Agent Force agents' in the setup menu and toggle the Agent Force feature to 'on' to begin utilizing AI agents."
    }
  ],
  "insights": [
    "Each AI agent type is designed to fulfill distinct roles within an organization, and their efficacy relies heavily on the appropriate permissions and data access granted to them."
  ],
  "applications": [
    "AI agents can be deployed for automating administrative tasks, enhancing customer service, assisting sales teams, and providing real-time support to employees."
  ],
  "limitations": [
    "The setup of various agents requires specific permissions and access to organizational data, which must be managed by Salesforce administrators."
  ]
}