{
  "high_level_overview": "The video introduces Agentforce, Salesforce's advanced AI platform designed to create intelligent digital assistants capable of learning from data, reasoning, and executing tasks autonomously without user prompts.",
  "technical_breakdown": [
    {
      "type": "tool",
      "name": "Agentforce",
      "purpose": "A platform for developing AI-powered agents that integrate within the Salesforce ecosystem."
    },
    {
      "type": "architecture",
      "description": "Agentforce operates within Salesforce's existing infrastructure, leveraging AI to enhance system capabilities beyond traditional chatbots, enabling agents to perform complex decision-making and task execution."
    },
    {
      "type": "process",
      "step_number": 1,
      "description": "Identify or create tasks that can be automated or assisted by AI agents within the Salesforce environment."
    },
    {
      "type": "process",
      "step_number": 2,
      "description": "Employ Agentforce to build AI agents that can learn from historical data, reason through scenarios, and execute actions autonomously."
    }
  ],
  "insights": [
    "Agentforce represents a significant evolution from standard chatbots, emphasizing learning, reasoning, and autonomous task execution."
  ],
  "applications": [
    "Agentforce can be utilized to automate workflows, improve customer service through smart agents, and enhance decision-making processes in business operations."
  ],
  "limitations": [
    "As an evolving technology, there might be limitations in complex scenarios requiring deep contextual understanding that the AI agents have not been trained on."
  ]
}