{
  "high_level_overview": "This video provides a detailed, step-by-step guide on creating an AI agent using Salesforce's Agentforce, particularly highlighting a finance agent's functionality. It emphasizes the importance of defining the agent's purpose, setting up the required tools, and configuring the knowledge base and agent interactions for effective customer assistance.",
  "technical_breakdown": [
    {
      "type": "tool",
      "name": "Agentforce",
      "purpose": "Framework used for building and managing AI agents in Salesforce."
    },
    {
      "type": "tool",
      "name": "Einstein Bots",
      "purpose": "Required for handling conversational interfaces for AI agents."
    },
    {
      "type": "tool",
      "name": "Einstein Copilot",
      "purpose": "Provides supplemental AI capabilities to assist in agent functions."
    },
    {
      "type": "process",
      "step_number": 1,
      "description": "Define the purpose of the AI agent, focusing on specific functions such as handling account queries and investment guidance."
    },
    {
      "type": "process",
      "step_number": 2,
      "description": "Log in to Salesforce, enable Agentforce, and turn on Einstein Bots and Einstein Copilot."
    },
    {
      "type": "process",
      "step_number": 3,
      "description": "Build the knowledge base by adding Frequently Asked Questions (FAQs) and relevant resources like articles and videos."
    },
    {
      "type": "process",
      "step_number": 4,
      "description": "Design the agent in Agentforce by creating a new agent instance, defining its purpose, user type, and tone."
    },
    {
      "type": "process",
      "step_number": 5,
      "description": "Configure the agent with topics and actions in Agent Builder, detailing the conversation scope and decision-making instructions."
    },
    {
      "type": "process",
      "step_number": 6,
      "description": "Connect topics with actions to facilitate dynamic responses based on user inquiries."
    },
    {
      "type": "process",
      "step_number": 7,
      "description": "Test the agent using various prompts to ensure it responds accurately to customer inquiries."
    },
    {
      "type": "process",
      "step_number": 8,
      "description": "Deploy the agent for user interaction, ensuring ongoing monitoring and refinement post-launch."
    }
  ],
  "insights": [
    "Continuous improvement of the AI agent is necessary, as it should evolve based on customer interactions and input patterns."
  ],
  "applications": [
    "Finance companies can leverage AI agents to automate customer inquiries about account information, investment options, and personalized advice."
  ],
  "limitations": [
    "The initial setup and configuration process may be complex for users unfamiliar with the Salesforce ecosystem."
  ]
}