{
  "high_level_overview": "The video provides an in-depth exploration of Salesforce Agentforce Vibes, focusing on 'vibe coding' as a new development paradigm that utilizes natural language processing to facilitate faster and more efficient software development. It emphasizes the benefits of leveraging large language models (LLMs) in the coding workflow, showcasing how technical professionals can enhance productivity without substituting core programming skills.",
  "technical_breakdown": [
    {
      "type": "tool",
      "name": "Salesforce Agentforce Vibes",
      "purpose": "It acts as a coding assistant that translates natural language requirements into actionable code and project elements within Salesforce."
    },
    {
      "type": "architecture",
      "description": "The setup involves integrating Salesforce Agentforce Vibes within Visual Studio Code, utilizing the Salesforce DX MCP server as a bridge to execute actions like generating files, running queries, and deploying metadata directly from the IDE."
    },
    {
      "type": "process",
      "step_number": 1,
      "description": "Install the Salesforce Extension Pack in Visual Studio Code to enable Agentforce Vibes functionality."
    },
    {
      "type": "process",
      "step_number": 2,
      "description": "Activate the Salesforce DX MCP server after installation to allow Agentforce Vibes to perform actions and generate code."
    }
  ],
  "insights": [
    "Vibe coding promotes brainstorming and rapid prototyping by enabling developers to describe their requirements in natural language, making the development process more intuitive."
  ],
  "applications": [
    "Utilizing Agentforce Vibes for creating proof-of-concept applications or initial project wireframes quickly before implementing complex logic manually."
  ],
  "limitations": [
    "While Agentforce Vibes accelerates development, it is crucial for developers to maintain their coding knowledge, as reliance on AI-generated code without understanding can lead to unforeseen issues."
  ]
}