{
  "high_level_overview": "The video demonstrates the process of creating a custom Agentforce agent using Agent Builder, highlighting how to define the agent's role through natural language, leverage existing business logic from Customer 360, and implement autonomous operations across multiple channels.",
  "technical_breakdown": [
    {
      "type": "tool",
      "name": "Agentforce",
      "purpose": "A platform for building AI agents that collaborate with human workers to enhance customer success."
    },
    {
      "type": "tool",
      "name": "Agent Builder",
      "purpose": "A tool within Agentforce that allows users to define and create custom agents with specific roles and capabilities."
    },
    {
      "type": "architecture",
      "description": "The architecture integrates automated suggestions from Customer 360's metadata and existing business logic using flows, Apex classes, and Moft integrations to enable agents to perform designated tasks autonomously."
    },
    {
      "type": "process",
      "step_number": 1,
      "description": "Describe the agent's job in natural language, specifying the task it needs to perform, such as reviewing travel expenses."
    },
    {
      "type": "process",
      "step_number": 2,
      "description": "Utilize Agentforce's capability to search and suggest topics and actions based on the business's metadata."
    },
    {
      "type": "process",
      "step_number": 3,
      "description": "Incorporate existing business logic to form rules and operational guidelines for the agent."
    },
    {
      "type": "process",
      "step_number": 4,
      "description": "Equip the agent with relevant data from Customer 360 necessary for fulfilling its designated role."
    },
    {
      "type": "process",
      "step_number": 5,
      "description": "Create a record-triggered flow to autonomously activate the agent whenever a new travel expense record is created."
    },
    {
      "type": "process",
      "step_number": 6,
      "description": "Teach the agent to interact with new channels, such as Slack, to communicate outcomes of its actions."
    }
  ],
  "insights": [
    "Leveraging existing business workflows and data reduces the complexity of developing AI agents, allowing for quicker deployment and reliability."
  ],
  "applications": [
    "Automating expense report reviews and notifications, enhancing operational efficiency in financial management."
  ],
  "limitations": [
    "The effectiveness of the agent is contingent upon the quality and completeness of metadata and business logic present in Customer 360."
  ]
}