{
  "high_level_overview": "The video outlines a streamlined process for building an agent using Salesforce's Agentforce, emphasizing the importance of planning topics and actions to effectively manage user interactions through a reasoning engine.",
  "technical_breakdown": [
    {
      "type": "tool",
      "name": "Salesforce Agentforce",
      "purpose": "Framework for creating intelligent agents that can respond to user interactions."
    },
    {
      "type": "tool",
      "name": "Apex Flows",
      "purpose": "Allows developers to create custom actions that can be integrated into the Agentforce framework."
    },
    {
      "type": "tool",
      "name": "Prompt Builder",
      "purpose": "Used for designing the prompts that agents will use to interact with users."
    },
    {
      "type": "process",
      "step_number": 1,
      "description": "Plan out potential user interactions and identify the necessary topics that map these interactions to specific actions."
    },
    {
      "type": "process",
      "step_number": 2,
      "description": "Assign out-of-the-box actions or define custom actions using Apex Flows for each identified topic."
    },
    {
      "type": "process",
      "step_number": 3,
      "description": "Add instructions to the topics and actions to facilitate effective testing and debugging of the agent."
    },
    {
      "type": "process",
      "step_number": 4,
      "description": "Regularly refresh the Agentforce panel to ensure that changes and updates are reflected accurately."
    },
    {
      "type": "process",
      "step_number": 5,
      "description": "Once development is complete, activate and deploy the agent to make it operational."
    }
  ],
  "insights": [
    "Frequent updates and testing of the agent are crucial to ensure functionality reflects the latest configurations and instructions."
  ],
  "applications": [
    "Development of customer service agents that can efficiently handle user queries and actions within Salesforce."
  ],
  "limitations": [
    "The framework relies heavily on proper planning of topics and actions; inadequate planning can lead to inefficient agent responses."
  ]
}