{
  "high_level_overview": "The video series focuses on utilizing Salesforce Data Cloud for implementing data streams, creating predictive models, and integrating these with tools like Agentforce. It offers hands-on guidance on setting up data streams from various sources, creating and managing data model objects, and using Einstein Studio for predictive analytics to facilitate data-driven decision-making in CRM environments.",
  "technical_breakdown": [
    {
      "type": "tool",
      "name": "Salesforce Data Cloud",
      "purpose": "Platform for managing and processing data from various sources into the data lake and creating data streams."
    },
    {
      "type": "tool",
      "name": "Einstein Studio",
      "purpose": "Used for creating and managing predictive models that analyze historical data to forecast future outcomes."
    },
    {
      "type": "architecture",
      "description": "The architecture includes continuous data ingestion through data streams, which connect different data sources (e.g., Salesforce CRM, AWS S3). Data from these streams is written to data lake objects, serving as storage for raw and processed information, facilitating real-time data updates and access."
    },
    {
      "type": "process",
      "step_number": 1,
      "description": "Create a new data stream in Salesforce Data Cloud by selecting a data source and configuring the corresponding data lake object."
    },
    {
      "type": "process",
      "step_number": 2,
      "description": "Map the fields from the data lake objects to a new data model object to organize the data into a structured format for analysis."
    },
    {
      "type": "process",
      "step_number": 3,
      "description": "Create a predictive model in Einstein Studio using the mapped data model object to analyze factors influencing outcomes, such as adoption rates for animal records."
    },
    {
      "type": "process",
      "step_number": 4,
      "description": "Integrate the predictive model into an Agentforce action and Salesforce flows to automate decisions based on predictions derived from the model."
    }
  ],
  "insights": [
    "Data streams serve as a vital component in data management, allowing continuous integration of information from diverse sources to maintain up-to-date records.",
    "Proper permission management is essential to ensure that all necessary fields are accessible during the creation of data streams to avoid issues with incomplete data."
  ],
  "applications": [
    "The concepts can be applied in real-world situations where organizations need to predict customer behavior, such as the likelihood of animal adoption based on various attributes like age, health status, and breed."
  ],
  "limitations": [
    "Real-time updates through data streams may face latency depending on the size of the data and the complexity of processing, which can impact the freshness of analytics."
  ]
}