{
  "high_level_overview": "The video provides a comprehensive guide on building an agent using Agentforce, focusing on the architecture, development lifecycle, and practical implementation through a demo. It emphasizes the attributes of agents, including roles, actions, and the integration with Salesforce's data clouds, designed for various business applications.",
  "technical_breakdown": [
    {
      "type": "tool",
      "name": "Agentforce",
      "purpose": "A framework for building intelligent agents capable of interacting with data and assisting users in various tasks."
    },
    {
      "type": "architecture",
      "description": "Agentforce integrates with Salesforce and utilizes a reasoning engine named Atlas for processing user inputs and accessing data from multiple sources, including Salesforce's data clouds and external systems."
    },
    {
      "type": "process",
      "step_number": 1,
      "description": "Define the agent's use case and the necessary attributes such as role, data sources, actions, security guardrails, and deployment channels."
    },
    {
      "type": "process",
      "step_number": 2,
      "description": "Set up the development environment, including enabling necessary Salesforce features such as Einstein and Agentforce."
    },
    {
      "type": "process",
      "step_number": 3,
      "description": "Create the agent by defining its configuration, name, topics, and the actions it can perform."
    },
    {
      "type": "process",
      "step_number": 4,
      "description": "Test the agent using Agentforce's testing center to ensure it performs as expected under defined scenarios."
    },
    {
      "type": "process",
      "step_number": 5,
      "description": "Deploy the agent to the desired communication channels, such as Slack or WhatsApp."
    },
    {
      "type": "process",
      "step_number": 6,
      "description": "Monitor the agent's performance and refine its functioning based on user interactions and feedback."
    }
  ],
  "insights": [
    "Utilizing a reasoning engine improves the agent's ability to understand business context and provide accurate responses."
  ],
  "applications": [
    "Agentforce can automate customer service interactions, such as appointment bookings in the auto service industry, handling multiple customers efficiently without requiring additional human resources."
  ],
  "limitations": [
    "Agentforce requires careful definition of guardrails to prevent agents from performing unethical actions and ensure data security."
  ]
}