{
  "high_level_overview": "The Salesforce AgentForce Vibes tutorial introduces the enhanced AI assistant platform designed to facilitate development within Salesforce, emphasizing its capability for automatic file generation, integration with MCP servers, and improved user experience compared to previous tools. The tutorial demonstrates how to set up the tool in Visual Studio Code, utilize its features, and generate Lightning Web Components (LWC) efficiently while highlighting the importance of developer validation and interaction.",
  "technical_breakdown": [
    {
      "type": "tool",
      "name": "Salesforce AgentForce Vibes",
      "purpose": "AI assistant for automating code generation, managing project files, and facilitating integration with Salesforce and external applications."
    },
    {
      "type": "architecture",
      "description": "The architecture includes a trust layer and built-in guardrails that ensure security, privacy, and accuracy by routing inputs/outputs through the Einstein REST layer. This enables the assistant to work within isolated Salesforce sandboxes while leveraging context-aware planning and action modes for development tasks."
    },
    {
      "type": "process",
      "step_number": 1,
      "description": "Ensure the Visual Studio Code Salesforce extension pack and updated CLI version (2.96 or higher) are installed to access AgentForce Vibes features."
    },
    {
      "type": "process",
      "step_number": 2,
      "description": "Activate the required MCP servers within the AgentForce Vibes interface to enable capabilities such as deploying components to Salesforce orgs."
    },
    {
      "type": "process",
      "step_number": 3,
      "description": "Utilize the prompt feature to create LWC components, making sure to review the generated code and approve modifications or deployments as necessary."
    }
  ],
  "insights": [
    "The integration with MCP servers significantly enhances the AI assistant's functionality, enabling it to not only generate code but also deploy components and interact with other applications like Jira."
  ],
  "applications": [
    "The Salesforce AgentForce Vibes tool can be utilized in enterprise projects to automate the generation and deployment of Salesforce components, streamlining the development workflow and improving development speed."
  ],
  "limitations": [
    "While the AI assistant enhances efficiency, it requires meticulous code validation from developers to ensure the generated code meets project standards and integrates correctly with existing systems."
  ]
}