{
  "high_level_overview": "The video explains Agentforce, an advanced AI platform by Salesforce designed to create intelligent AI agents capable of executing tasks autonomously by utilizing trusted data and advanced reasoning processes.",
  "technical_breakdown": [
    {
      "type": "tool",
      "name": "Agent Builder",
      "purpose": "A low-code platform used to define the role and functions of AI agents."
    },
    {
      "type": "tool",
      "name": "Salesforce Data Cloud",
      "purpose": "Stores and manages trusted business data used by AI agents for informed decision making."
    },
    {
      "type": "tool",
      "name": "Atlas Reasoning Engine",
      "purpose": "Enables AI agents to perform complex reasoning, evaluate queries, and suggest actions based on data."
    },
    {
      "type": "architecture",
      "description": "Agentforce consists of AI agents integrated into the Salesforce ecosystem, working across multiple channels, utilizing structured data, and guided by predefined roles and actions under ethical guardrails."
    },
    {
      "type": "process",
      "step_number": 1,
      "description": "Define the agent's role using the Agent Builder to establish its purpose."
    },
    {
      "type": "process",
      "step_number": 2,
      "description": "Connect the agent to Salesforce Data Cloud to access structured customer information and business data."
    },
    {
      "type": "process",
      "step_number": 3,
      "description": "Configure the agent's responses and actions through the use of flows, prompt builder, Apex, or APIs."
    },
    {
      "type": "process",
      "step_number": 4,
      "description": "Utilize the Atlas Reasoning Engine for logical decision-making, employing Retrieval Augmented Generation to access real-time data."
    }
  ],
  "insights": [
    "Agentforce AI agents function more like virtual colleagues rather than simple chatbots, capable of autonomous decision-making based on structured data."
  ],
  "applications": [
    "AI agents can streamline customer service interactions by handling inquiries, creating support tickets, and updating CRM data across various communication channels."
  ],
  "limitations": [
    "AI agents rely on the quality and structure of the connected Salesforce data, which may limit their effectiveness if the data is incomplete or disorganized."
  ]
}