{
  "high_level_overview": "In this video, Ankit Gangwani demonstrates the process of creating a custom action using Apex in Salesforce's Agentforce, focusing on developing a service agent that can respond to case status inquiries based on a given case number.",
  "technical_breakdown": [
    {
      "type": "tool",
      "name": "Salesforce Agentforce",
      "purpose": "A platform for creating AI-powered agents for customer service."
    },
    {
      "type": "tool",
      "name": "Apex",
      "purpose": "A programming language used for building back-end logic in Salesforce."
    },
    {
      "type": "process",
      "step_number": 1,
      "description": "Enable Einstein functionality by navigating to the Einstein setup in Salesforce and refreshing the page after activation."
    },
    {
      "type": "process",
      "step_number": 2,
      "description": "Create an invocable Apex class named CaseManagementController that retrieves the status of a case based on user-provided case number."
    },
    {
      "type": "process",
      "step_number": 3,
      "description": "Define the custom action in Agentforce, linking it to the invocable method in the Apex class."
    },
    {
      "type": "process",
      "step_number": 4,
      "description": "Set up a new service agent in Salesforce utilizing the custom action to handle inquiries regarding case status."
    },
    {
      "type": "process",
      "step_number": 5,
      "description": "Assign necessary permissions to the new agent user to access the custom Apex class."
    }
  ],
  "insights": [
    "It is crucial to ensure that the Apex class has appropriate permissions set for the user to facilitate seamless functionality within the agent."
  ],
  "applications": [
    "The custom action can now be deployed to support user inquiries in various channels such as a Salesforce Community or an internal help desk setup."
  ],
  "limitations": [
    "The implementation assumes that the user will provide valid case numbers; improper inputs can lead to ineffective responses if not handled in the Apex logic."
  ]
}