{
  "success": true,
  "search_query": "Salesforce Agentforce tutorial",
  "pipeline_duration_seconds": 37.39,
  "timestamp": "2025-12-08 16:26:39",
  "videos_found": 2,
  "transcripts_fetched": 2,
  "summaries_created": 2,
  "output_folder": "youtube_pipeline_output",
  "videos": [
    {
      "title": "How Does Salesforce&#39;s Agentforce Work?",
      "channel": "Salesforce Ben",
      "url": "https://www.youtube.com/watch?v=Jz1M3xUGkNs",
      "description": "Agentforce this, Agentforce that... how does it actually *work*? If you're interested in getting stuck in with Agentforce (especially ...",
      "published_at": "2024-10-29T16:23:26Z",
      "video_id": "Jz1M3xUGkNs",
      "duration": "9:40"
    },
    {
      "title": "What Is Agentforce? | How Does Agentforce Work? | About AI-Powered Agents | Salesforce Hulk",
      "channel": "Salesforce Hulk",
      "url": "https://www.youtube.com/watch?v=c-OqQKFnDDo",
      "description": "What is Agentforce, and why is it the next big thing everyone is talking about? In today's digital era, businesses across industries ...",
      "published_at": "2024-11-29T15:30:16Z",
      "video_id": "c-OqQKFnDDo",
      "duration": "2:18"
    }
  ],
  "transcript_paths": [
    "youtube_pipeline_output/transcripts/Jz1M3xUGkNs.en.srt",
    "youtube_pipeline_output/transcripts/c-OqQKFnDDo.en.srt"
  ],
  "summarization_results": {
    "youtube_pipeline_output/transcripts/Jz1M3xUGkNs.en.srt": true,
    "youtube_pipeline_output/transcripts/c-OqQKFnDDo.en.srt": true
  }
}