{
  "search_query": "Salesforce Agentforce tutorial",
  "timestamp": "2025-12-08 16:28:45",
  "total_videos_found": 25,
  "videos": [
    {
      "title": "How Does Salesforce&#39;s Agentforce Work?",
      "channel": "Salesforce Ben",
      "url": "https://www.youtube.com/watch?v=Jz1M3xUGkNs",
      "description": "Agentforce this, Agentforce that... how does it actually *work*? If you're interested in getting stuck in with Agentforce (especially ...",
      "published_at": "2024-10-29T16:23:26Z",
      "video_id": "Jz1M3xUGkNs",
      "duration": "9:40"
    },
    {
      "title": "What Is Agentforce? | How Does Agentforce Work? | About AI-Powered Agents | Salesforce Hulk",
      "channel": "Salesforce Hulk",
      "url": "https://www.youtube.com/watch?v=c-OqQKFnDDo",
      "description": "What is Agentforce, and why is it the next big thing everyone is talking about? In today's digital era, businesses across industries ...",
      "published_at": "2024-11-29T15:30:16Z",
      "video_id": "c-OqQKFnDDo",
      "duration": "2:18"
    },
    {
      "title": "How I passed my Salesforce AgentForce Specialist Exam in 2 Weeks!! [MUST WATCH]",
      "channel": "Sujay Nadkarni",
      "url": "https://www.youtube.com/watch?v=C6lCXGurKQU",
      "description": "Salesforce Agentforce Specialist Certification – COMPLETE Breakdown in 7 Minutes! Ready to become a Salesforce AI ...",
      "published_at": "2025-05-02T01:30:06Z",
      "video_id": "C6lCXGurKQU",
      "duration": "7:33"
    },
    {
      "title": "Build Agentforce Agent in 40 minutes.",
      "channel": "Salesforce Apex Hours",
      "url": "https://www.youtube.com/watch?v=vedTZwvtl0w",
      "description": "Build Agentforce Agent in 40 minutes. Build your first agent with Agentforce.",
      "published_at": "2025-06-07T14:00:05Z",
      "video_id": "vedTZwvtl0w",
      "duration": "42:40"
    },
    {
      "title": "What Is Agentforce? | How To Make AI Agents? | Detailed Agentforce Guide | Salesforce Hulk",
      "channel": "Salesforce Hulk",
      "url": "https://www.youtube.com/watch?v=zC8lHJbRTWs",
      "description": "Agentforce… sounds like an action movie, right? But it's actually Salesforce's most powerful AI innovation yet. In this video, Shrey ...",
      "published_at": "2025-06-09T15:15:05Z",
      "video_id": "zC8lHJbRTWs",
      "duration": "5:24"
    },
    {
      "title": "Agentforce Hands-On - How I Set Up My First Salesforce AI Agent",
      "channel": "Salesforce Break",
      "url": "https://www.youtube.com/watch?v=4x4GPSDCLXo",
      "description": "In this video, I walk you through my first Agentforce set up. Watch this to learn my tips, common pitfalls, what to do and what not to ...",
      "published_at": "2025-02-08T20:58:39Z",
      "video_id": "4x4GPSDCLXo",
      "duration": "36:26"
    },
    {
      "title": "Salesforce Agentforce",
      "channel": "Salesforce Apex Hours",
      "url": "https://www.youtube.com/watch?v=ez1nptxT-zo",
      "description": "Salesforce Agentforce: The Next Evolution in AI-Powered Customer Engagement.",
      "published_at": "2024-09-28T14:00:26Z",
      "video_id": "ez1nptxT-zo",
      "duration": "12:26"
    },
    {
      "title": "What is Agentforce? [What you need to know]",
      "channel": "Salesforce Help Club",
      "url": "https://www.youtube.com/watch?v=dEdE9f13HDE",
      "description": "Resource: https://salesforcehelpclub.com/agentforce-guide ‍  ‍  ‍   Patreon: https://www.patreon.com/c/SalesforceHelpClub ...",
      "published_at": "2024-10-28T13:00:55Z",
      "video_id": "dEdE9f13HDE",
      "duration": "26:21"
    },
    {
      "title": "RAG in Salesforce | Live Implementation with Agentforce | Learn RAG (Retrieval-Augmented Generation)",
      "channel": "Salesforce Bolt",
      "url": "https://www.youtube.com/watch?v=5IYbRb4xCp8",
      "description": "After unifying data using Salesforce Data Cloud in earlier videos, I wanted to take the next step: bringing that data to life with ...",
      "published_at": "2025-11-08T12:34:34Z",
      "video_id": "5IYbRb4xCp8",
      "duration": "31:42"
    },
    {
      "title": "How to Build Your First AI Agent in Salesforce |  | Agentforce Tutorial | Service Agent",
      "channel": "Salesforce Hulk",
      "url": "https://www.youtube.com/watch?v=ExlAQ7uFcDA",
      "description": "In this video, Shrey shows you how to create your very first AI Agent in Agentforce from scratch. Together, we build a digital ...",
      "published_at": "2025-08-28T05:15:00Z",
      "video_id": "ExlAQ7uFcDA",
      "duration": "6:26"
    },
    {
      "title": "How To Create AI Agents From Scratch Using Agentforce ? |  Step-by-Step Process |  Salesforce Hulk",
      "channel": "Salesforce Hulk",
      "url": "https://www.youtube.com/watch?v=QtPLAZ6wf74",
      "description": "Are you ready to create your own AI agent from scratch? This video will walk you through creating your first Agentforce AI Agent.",
      "published_at": "2024-12-06T15:30:11Z",
      "video_id": "QtPLAZ6wf74",
      "duration": "5:33"
    },
    {
      "title": "What Is Agentforce?",
      "channel": "Salesforce Hulk",
      "url": "https://www.youtube.com/watch?v=PiXmV9l9Yx8",
      "description": "Agentforce… sounds like an action movie, right? But it's actually Salesforce's most powerful AI innovation yet. In this video, Shrey ...",
      "published_at": "2025-08-11T06:45:01Z",
      "video_id": "PiXmV9l9Yx8",
      "duration": "1:06"
    },
    {
      "title": "What is Salesforce? | Salesforce in 7 Minutes | Introduction to Salesforce | Simplilearn",
      "channel": "Simplilearn",
      "url": "https://www.youtube.com/watch?v=EfK0SURQ8X0",
      "description": "Purdue - Applied Generative AI Specialization ...",
      "published_at": "2023-02-15T14:30:03Z",
      "video_id": "EfK0SURQ8X0",
      "duration": "6:31"
    },
    {
      "title": "Salesforce Certified Agentforce Specialist (AI-201) Exam💯Test Questions 2025✅ (Updated)",
      "channel": "Exams Guides",
      "url": "https://www.youtube.com/watch?v=STbjbLTIwB0",
      "description": "Download Complete PDF: https://gmm4.com/b/agentforce-specialist.",
      "published_at": "2025-10-19T13:40:02Z",
      "video_id": "STbjbLTIwB0",
      "duration": "39:50"
    },
    {
      "title": "How to Create a Custom Agentforce Agent (Builder Demo) | Dreamforce 2024",
      "channel": "Salesforce",
      "url": "https://www.youtube.com/watch?v=RmlLckaK4d8",
      "description": "This demo shows how to build a custom Agentforce agent from idea to autonomous operation using Agent Builder. Follow along ...",
      "published_at": "2024-09-17T22:03:50Z",
      "video_id": "RmlLckaK4d8",
      "duration": "2:37"
    },
    {
      "title": "AgentForce Demo: Querying Salesforce Data with No Custom Actions!",
      "channel": "Cypress Learning Solutions",
      "url": "https://www.youtube.com/watch?v=3OOFHJMS8k4",
      "description": "Witness AgentForce in action! See how **AgentForce** effortlessly queries data in a live demo within Salesforce Sales Console.",
      "published_at": "2025-05-19T14:03:39Z",
      "video_id": "3OOFHJMS8k4",
      "duration": "0:23"
    },
    {
      "title": "How to build your Salesforce Agentforce Agent  #flow #coding #salesforceai",
      "channel": "Salesforce Break",
      "url": "https://www.youtube.com/watch?v=U_761Hs7oJc",
      "description": "How to build an agent in under 2 min.",
      "published_at": "2025-02-05T20:09:58Z",
      "video_id": "U_761Hs7oJc",
      "duration": "1:35"
    },
    {
      "title": "Part 1: DATA CLOUD MASTER CLASS || EINSTEIN STUDIO (MODEL BUILDER) + AGENTFORCE || AGENTFORCE",
      "channel": "Salesforce AI Champions",
      "url": "https://www.youtube.com/watch?v=v7XwZGMSorE",
      "description": "Welcome to Part 1 of the Salesforce Data Cloud Master Class Series! In this session, we'll go hands-on with Einstein Studio ...",
      "published_at": "2025-10-17T09:01:29Z",
      "video_id": "v7XwZGMSorE",
      "duration": "1:07:06"
    },
    {
      "title": "Setup &amp; Types Of Agentforce AI Agents | Complete AI Agents Guide | Salesforce Hulk",
      "channel": "Salesforce Hulk",
      "url": "https://www.youtube.com/watch?v=lVUBRXQJwzU",
      "description": "What if your sales coach, customer support rep, and HR desk were all powered by AI and never took a day off? That's exactly what ...",
      "published_at": "2025-08-20T14:30:37Z",
      "video_id": "lVUBRXQJwzU",
      "duration": "4:45"
    },
    {
      "title": "14. Salesforce Record Creation from PDFs with AI Agents || Agentforce Tutorial | Agentforce Training",
      "channel": "Krazy Cloud",
      "url": "https://www.youtube.com/watch?v=k9wGP6JWJI8",
      "description": "In this video, we'll explore how to leverage unstructured PDF documents to automatically create Salesforce records using AI ...",
      "published_at": "2025-10-27T06:24:05Z",
      "video_id": "k9wGP6JWJI8",
      "duration": "17:18"
    },
    {
      "title": "This Is How Agentforce Works for Me",
      "channel": "Salesforce",
      "url": "https://www.youtube.com/watch?v=BHOXaE3iShY",
      "description": "Say hello to limitless customer service in freight shipping. Unlike other AI tools, Agentforce is trained on your own company's ...",
      "published_at": "2025-02-21T17:56:03Z",
      "video_id": "BHOXaE3iShY",
      "duration": "1:54"
    },
    {
      "title": "Salesforce Agentforce Vibes | Setup &amp; Getting Started Guide",
      "channel": "Code With Sally",
      "url": "https://www.youtube.com/watch?v=RK6kd21REe0",
      "description": "In this session, we dive into Salesforce Agentforce Vibes — exploring what vibe coding is, why developers are excited about it, ...",
      "published_at": "2025-10-30T23:49:47Z",
      "video_id": "RK6kd21REe0",
      "duration": "20:34"
    },
    {
      "title": "Episode 01: Create Your First Custom Action Using Apex | Salesforce Agentforce",
      "channel": "Salesforce Codey",
      "url": "https://www.youtube.com/watch?v=zn1Vm28pmgQ",
      "description": "In this episode, I walk you through creating your first custom action using Apex in Salesforce. I demonstrate how to build an ...",
      "published_at": "2025-05-12T11:18:15Z",
      "video_id": "zn1Vm28pmgQ",
      "duration": "26:19"
    },
    {
      "title": "Agentforce and Data Cloud Developer Org ✌️",
      "channel": "Salesforce Geek",
      "url": "https://www.youtube.com/watch?v=DuPUjdoCe1M",
      "description": "",
      "published_at": "2025-03-07T14:30:14Z",
      "video_id": "DuPUjdoCe1M",
      "duration": "0:40"
    },
    {
      "title": "Salesforce AgentForce Vibes Tutorial – AI Assistant Setup &amp; LWC Component Generation Guide",
      "channel": "Salesforce Dev",
      "url": "https://www.youtube.com/watch?v=YrRQ7VaZJlc",
      "description": "Master Salesforce AgentForce Vibes – The Cutting-Edge AI Development Platform in 2025! In this in-depth tutorial, discover how ...",
      "published_at": "2025-10-22T14:30:06Z",
      "video_id": "YrRQ7VaZJlc",
      "duration": "15:14"
    }
  ]
}